Nombre,Cambio
Pack 12 un. Cerveza Stella Artois Lager 5.2° 354 cc,mantuvo
Pack 24 un. Cerveza Stella Artois Lager 5.2° 330 cc,mantuvo
Pack 18 un. Cerveza Corona Lager 4.6° 330 cc,mantuvo
Pack 6 un. Cerveza Stones Maracuya Fuit Beer 2.5° 350 cc,mantuvo
Pack 6 un. Cerveza Budweiser Lager 5.0° 473 cc,mantuvo
Pack 6 un. Cerveza Cusqueña Golden Lager 5.0° 473 cc,mantuvo
Pack 6 un. Cerveza Stones Limon Fruit Beer 2.5° 350 cc,mantuvo
Pack 6 un. Cerveza Escudo Silver Lager 5.0° 470 cc,mantuvo
Pack 6 un. Cerveza Royal Guard Premium Lager 5.0° 350 cc,mantuvo
Pack 6 un. Cerveza Cristal Radler Sin alcohol 350 cc,mantuvo
Pack 10 un. Cerveza Heineken Lager 5.0° 350 cc,mantuvo
Pack 12 un. Cerveza Budweiser Lager 5.0° 355 cc,mantuvo
Pack 6 un. Cerveza Becker Lager 4.5° 473 cc,mantuvo
Pack 6 un. Cerveza Miller Lager 4.7° 355 cc,mantuvo
Pack 6 un. Cerveza Corona Lager 4.5° 330 cc,mantuvo
Pack 4 un. Cerveza Austral Calafate Ale 5.0° 330 cc,mantuvo
Pack 6 un. Cerveza Cristal Lager Sin alcohol 350 cc,mantuvo
Pack 12 un. Cerveza Miller Lager 4.7° 330 cc,mantuvo
Pack 6 un. Cerveza Sol Lager 4.5° 330 cc,mantuvo
Pack 6 un. Cerveza Royal Guard Premium Lager Sin alcohol 350 cc,mantuvo
Pack 4 un. Cerveza Dolbek Maqui Pale Ale 4.8° 330 cc,mantuvo
Pack 4 un. Cerveza Kunstmann Miel 4.8° 330 cc,mantuvo
Pack 6 un. Cerveza Budweiser Lager 5.0° 354 cc,mantuvo
Pack 6 un. Cerveza Cristal Lager 4.6° 470 cc,mantuvo
Pack 6 un. Cerveza Cristal Lager 4.6° 350 cc,mantuvo
Pack 6 un. Cerveza Stones Sensation Fruit Beer 6.0° 269 cc,mantuvo
Pack 6 un. Cerveza Becker B-Mix Lager 4.2° 354 cc,mantuvo
Pack 6 un. Cerveza Patagonia Hoppy Lager 4.8° 330 cc,mantuvo
Pack 6 un. Cerveza Stones Tropical Fruit Beer 6.0° 269 cc,mantuvo
Pack 6 un. Cerveza Patagonia Red Lager 5.0° 330 cc,mantuvo
Pack 6 un. Cerveza Corona Lager Sin alcohol 330 cc,mantuvo
Pack 6 un. Cerveza Kunstmann Torobayo Pale Ale 5.2° 330 cc,subió
Pack 4 un. Cerveza Kross Golden Ale 5.3° 330 cc,mantuvo
Pack 4 un. Cerveza Kunstmann Torobayo Pale Ale 5.0° 330 cc,mantuvo
Pack 4 un. Cerveza Austral Lager 4.6° 330 cc,mantuvo
Pack 6 un. Cerveza Báltica Dry Lager 5.8° 473 cc,mantuvo
Pack 6 un. Cerveza Kunstmann Torobayo Pale Ale 5.0° 330 cc,mantuvo
Pack 6 un. Cerveza Budweiser Lager 5.0° 330 cc,mantuvo
Pack 4 un. Cerveza Kunstmann Sin Filtrar Lager 5.0° 330 cc,mantuvo
Pack 6 un. Cerveza Royal Guard Golden Lager 4.5° 355 cc,subió
Pack 4 un. Cerveza Kunstmann Arandano Ale 4.8° 330 cc,mantuvo
Pack 6 un. Cerveza Royal Guard Premium Lager 5.0° 355 cc,subió
Pack 6 un. Cerveza Miller Lager 4.7° 355 cc,bajó
Cerveza Corona Lager 4.5° 710 cc,mantuvo
Pack 4 un. Cerveza Austral Torres del Paine Lager 6.1° 330 cc,mantuvo
Pack 4 un. Cerveza Kunstmann Ipa 5.0° 330 cc,mantuvo
Pack 6 un. Cerveza Kross Golden Ale 5.3° 330 cc,mantuvo
Pack 6 un. Cerveza Stella Artois Lager 4.8° 354 cc,mantuvo
Pack 6 un. Cerveza Royal Guard Amber Ale 6.3° 355 cc,mantuvo
Pack 6 un. Cerveza Cusqueña Golden Lager 5.0° 330 cc,mantuvo
Pack 4 un. Cerveza Kross Stout 5.2° 330 cc,mantuvo
Pack 6 un. Cerveza Imperial Lager 4.6° 330 cc,mantuvo
Pack 4 un. Cerveza Austral Yagan Dark Ale 5.0° 330 cc,mantuvo
Pack 6 un. Cerveza Estrella Damm Lager 4.3° 330 cc,mantuvo
Pack 6 un. Cerveza Stella Artois Lager 5.4° 330 cc,mantuvo
Pack 24 un. Cerveza Quilmes Lager 4.9° 300 cc,mantuvo
Pack 6 un. Cerveza Pilsen del Sur Lager 4.4° 473 cc,mantuvo
Pack 6 un. Cerveza Heineken Cero Lager Sin alcohol 470 cc,mantuvo
Pack 4 un. Cerveza Dolbek Pampa Ale 5.5° 330 cc,mantuvo
Pack 18 un. Cerveza Cusqueña Golden Lager 4.8° 354 cc,mantuvo
Pack 4 un. Cerveza Austral Patagona Pale Ale 5.0° 330 cc,mantuvo
Pack 6 un. Cerveza Escudo Lager 5.5° 350 cc,mantuvo
Cerveza Corona Lager Sin alcohol 330 cc,mantuvo
Pack 10 un. Cerveza Royal Dutch Premium Lager 5.0° 250 cc,mantuvo
Pack 4 un. Cerveza Kross Out 4.2° 330 cc,mantuvo
Pack 6 un. Cerveza Royal Guard Ipa 6.3° 355 cc,subió
Pack 4 un. Cerveza Volcanes del Sur Bock Chocolate 6.7° 350 cc,mantuvo
Pack 4 un. Cerveza Kross Maibock 6.5° 330 cc,mantuvo
Pack 4 un. Cerveza Kunstmann Rubia Lager 4.3° 330 cc,mantuvo
Pack 6 un. Cerveza Cusqueña Golden Lager 4.8° 355 cc,mantuvo
Pack 4 un. Cerveza Kross 5 Aniversario Amber Ale 7.2° 330 cc,mantuvo
Pack 6 un. Cerveza Becker Golden Premium Lager 5.0° 473 cc,mantuvo
Pack 4 un. Cerveza Kross Pils 5.1° 330 cc,mantuvo
Pack 6 un. Cerveza Heineken Lager 5.0° 330 cc,mantuvo
Pack 4 un. Cerveza Kunstmann Bock 5.3° 330 cc,mantuvo
Pack 4 un. Cerveza Guayacán Golden Ale 4.5° 330 cc,mantuvo
Pack 10 un. Cerveza Royal Dutch Premium Strong 8.5° 250 cc,mantuvo
Pack 6 un. Cerveza Heineken Lager 5.0° 350 cc,mantuvo
Cerveza Corona Lager 4.5° 330 cc,mantuvo
Pack 4 un. Cerveza Austral Hoppy Lager lata 470 cc,mantuvo
Pack 12 un. Cerveza Budweiser lata 355 cc,mantuvo
Pack 6 un. Cerveza Royal Guard Premium Lager Sin alcohol 355 cc,mantuvo
Cerveza Royal Guard Premium Lager Sin alcohol 355 cc,mantuvo
Cerveza Royal Dutch Lager 8.5° lata 500 cc,mantuvo
Viñamar Zero Desalcoholizado Rosé 0.4° 750 cc,mantuvo
"Sidra espumosa Mayador 750 ml, sin alcohol",mantuvo
Espumante Sin Alcohol botella 750 cc,mantuvo
Viñamar Zero Desalcoholizado 0.4° 750 cc,mantuvo
Espumante Festillant sparkling sin alcohol 750 cc,mantuvo
Cerveza Budweiser Lager 5.0° 710 cc,mantuvo
Cerveza Patagonia Red Lager 5.0° 470 cc,mantuvo
Cerveza Patagonia Hoppy Lager 4.8° 470 cc,mantuvo
Cerveza Kunstmann Torobayo Pale Ale 5.0° 470 cc,mantuvo
Cerveza Patagonia Black Lager 5.3° 470 cc,mantuvo
Cerveza Quilmes Lager 5.0° 710 cc,mantuvo
Cerveza Konigsbacher Pils 4.6° 500 cc,mantuvo
Cerveza Kunstmann Gran Torobayo Pale Ale 7.5° 500 cc,mantuvo
Cerveza Odissea Hoppy Ale 5.1° 470 cc,mantuvo
Cerveza Patagonia Blond Lager 4.5° 470 cc,mantuvo
Cerveza Royal Dutch Premium Strong 8.5° 250 cc,mantuvo
Cerveza Royal Dutch Premium Lager 5.0° 250 cc,mantuvo
Cerveza Corona Lager 4.5° 710 cc,bajó
Cerveza Viiking Strong 12° 500 cc,mantuvo
Cerveza Trooper Amber Ale 4.7° 500 cc,mantuvo
Cerveza Oettinger Weissbier 4.9° 500 cc,mantuvo
Cerveza Stones Maracuya Fuit Beer 2.5° 350 cc,mantuvo
Cerveza Singha Lager 5° lata 490 cc,mantuvo
Cerveza Kunstmann Valdivia Pale Lager 5.2° 500 cc,mantuvo
Cerveza Báltica Dry Lager 5.8° 473 cc,mantuvo
Cerveza Kross Golden Ale 5.3° 470 cc,mantuvo
Cerveza Corona Lager Sin alcohol 330 cc,subió
Cerveza Heineken Cero Lager Sin alcohol 470 cc,mantuvo
Cerveza Kunstmann Torobayo Pale Ale 5.0° 330 cc,mantuvo
Cerveza Kunstmann Miel 4.8° 330 cc,mantuvo
Cerveza Guayacán Hazy Apa 4.9° 470 cc,mantuvo
Cerveza Cristal Radler Sin alcohol 350 cc,mantuvo
Cerveza Stella Artois Lager 4.8° 473 cc,mantuvo
Cerveza Budweiser Lager 5.0° 473 cc,mantuvo
Cerveza Kross 5 Aniversario Amber Ale 7.2° 750 cc,mantuvo
Cerveza Viiking Strong Lager 8.5° 500 cc,mantuvo
Cerveza Escudo Silver Lager 5.0° 470 cc,mantuvo
Cerveza Guayacán Hazy Lager 4.9° 470 cc,mantuvo
Cerveza Cusqueña Golden Lager 4.8° 473 cc,mantuvo
Cerveza Royal Guard Premium Lager Sin alcohol 350 cc,mantuvo
Cerveza Kunstmann Bock 5.3° 330 cc,mantuvo
Cerveza Cristal Lager 4.6° 470 cc,mantuvo
Cerveza Austral Calafate Ale 5.0° 330 cc,mantuvo
Cerveza Stella Artois Lager 5.4° 330 cc,mantuvo
Cerveza Kunstmann Arandano Ale 4.8° 330 cc,mantuvo
Cerveza Singha Lager 5° botella 330 cc,mantuvo
Cerveza Paulaner Lemon Radler 2.5° 500 cc,mantuvo
Cerveza Cristal Lager Sin alcohol 350 cc,mantuvo
Cerveza Dolbek Ale 5.5° 330 cc,mantuvo
Cerveza Pilsen del Sur Lager 5.0° 473 cc,mantuvo
Cerveza Dolbek Pale Ale Maqui 4.8° 330 cc,mantuvo
Cerveza AC/DC Lager 5.0° 568 cc,mantuvo
Cerveza Kross Stout 5.4° 330 cc,mantuvo
Cerveza Budweiser Lager 5.0° 354 cc,mantuvo
Cerveza Austral Lager 4.6° 330 cc,mantuvo
Cerveza Kross Golden Ale 5.3° 330 cc,mantuvo
Cerveza Cusqueña Golden Lager 4.8° 355 cc,mantuvo
Cerveza Becker Golden Premium Lager 5.0° 473 cc,mantuvo
Cerveza Cusqueña Golden Lager 4.8° 330 cc,mantuvo
Cerveza Kunstmann Pale Ale 5.2° 330 cc,mantuvo
Cerveza Guayacán Golden Ale 4.5° 330 cc,mantuvo
Cerveza Becker B-Mix Lager 4.2° 354 cc,mantuvo
Cerveza Kunstmann Lager Sin filtrar 5.0° 330 cc,mantuvo
Cerveza Dolbek Lager 4.5° 330 cc,mantuvo
Cerveza Kross Maibock 6.5° 330 cc,mantuvo
Cerveza Kunstmann Rubia Lager 8.0° 330 cc,mantuvo
Cerveza Austral Torres del Paine Lager 6.1° 330 cc,mantuvo
Cerveza Kross Pils 5.1° 330 cc,mantuvo
Cerveza Royal Guard Golden Lager 4.5° 355 cc,mantuvo
Cerveza Estrella Damm Lager 5.4° 330 cc,mantuvo
Cerveza Kunstmann Torobayo Pale Ale 5.0° 330 cc,bajó
Cerveza Kross Krossout Ale 4.2° 330 cc,mantuvo
Cerveza Royal Guard Premium Lager 5.0° 355 cc,mantuvo
Cerveza Stones Sensation Fruit Beer 6.0° 269 cc,mantuvo
Cerveza Sol Lager 4.5° 330 cc,mantuvo
Cerveza Cristal Lager 4.6° 350 cc,mantuvo
Cerveza Royal Guard Premium Lager 5.0° 350 cc,mantuvo
Cerveza Royal Dutch Lager 5.0° 500 cc,mantuvo
Cerveza Austral Patagona Pale Ale 5.0° 330 cc,mantuvo
Cerveza Imperial Lager 4.6° 330 cc,mantuvo
Cerveza Kross 5 Amber Ale 7.2° 330 cc,mantuvo
Cerveza Royal Guard Amber Ale 6.3° 355 cc,mantuvo
Cerveza Patagonia Hoppy Lager 4.8° 330 cc,mantuvo
Cerveza Austral Yagan Dark Ale 6.0° 330 cc,mantuvo
Cerveza Patagonia Red Lager 5.0° 330 cc,mantuvo
Cerveza Kunstmann Ipa 5.0° 330 cc,mantuvo
Cerveza Quilmes Lager 4.9° 300 cc,mantuvo
Cerveza Volcanes del Sur Bock Chocolate 5.0° 350 cc,mantuvo
Cerveza Cusqueña Golden Lager botella 620 cc,mantuvo
