Nombre,Precio,Enlace
Pack 12 un. Cerveza Stella Artois Lager 5.2° 354 cc,$7.690,https://www.santaisabel.cl/pack-c-stella-artois-4-8-lata-12x354cc-1976130-pak/p
Pack 24 un. Cerveza Stella Artois Lager 5.2° 330 cc,$13.856,https://www.santaisabel.cl/caja-c-stella-artois-4-8-bot-24x330cc-1976135-pak/p
Pack 18 un. Cerveza Corona Lager 4.6° 330 cc,$12.990,https://www.santaisabel.cl/caja-cerv-corona-bot-18x330cc-4-5-g-1976139-pak/p
Pack 6 un. Cerveza Stones Maracuya Fuit Beer 2.5° 350 cc,$5.890,https://www.santaisabel.cl/pack-cerveza-lemon-stones-maracuya-6-unid-350-cc-c-u/p
Pack 6 un. Cerveza Budweiser Lager 5.0° 473 cc,$3.990,https://www.santaisabel.cl/pack-4-un-cerveza-5-0-lata-500-cc-c-u-1730208-pak/p
Pack 6 un. Cerveza Cusqueña Golden Lager 5.0° 473 cc,$3.990,https://www.santaisabel.cl/pack-cerveza-cusquena-4-8-6-latas-473-cc-c-u/p
Pack 6 un. Cerveza Stones Limon Fruit Beer 2.5° 350 cc,$5.890,https://www.santaisabel.cl/pack-6-un-cerveza-limon-lata-350-cc-c-u-263481-pak/p
Pack 6 un. Cerveza Escudo Silver Lager 5.0° 470 cc,$3.690,https://www.santaisabel.cl/pack-6-un-cerveza-silver-lata-470-cc/p
Pack 6 un. Cerveza Royal Guard Premium Lager 5.0° 350 cc,$7.090,https://www.santaisabel.cl/pack-cerveza-royal-guard-6-unid-350-cc-c-u/p
Pack 6 un. Cerveza Cristal Radler Sin alcohol 350 cc,$2.990,https://www.santaisabel.cl/pack-6-unid-cerveza-cero-alcohol-cristal-lata-355-cc-c-u/p
Pack 10 un. Cerveza Heineken Lager 5.0° 350 cc,$10.550,https://www.santaisabel.cl/pack-10-un-cerveza-350-cc-c-u-443258/p
Pack 12 un. Cerveza Budweiser Lager 5.0° 355 cc,$7.690,https://www.santaisabel.cl/pack-cer-budweiser-5-lata-12x354cc-1976134-pak/p
Pack 6 un. Cerveza Becker Lager 4.5° 473 cc,$4.550,https://www.santaisabel.cl/cerv-becker-4-5g-lata-473cc-2/p
Pack 6 un. Cerveza Miller Lager 4.7° 355 cc,$8.590,https://www.santaisabel.cl/pack-cerveza-miller-6-unid-355-cc-c-u-2/p
Pack 6 un. Cerveza Corona Lager 4.5° 330 cc,$5.480,https://www.santaisabel.cl/pack-6-un-cerveza-rubia-botella-330-cc-1850069-pak/p
Pack 4 un. Cerveza Austral Calafate Ale 5.0° 330 cc,$5.790,https://www.santaisabel.cl/pack-cerveza-austral-calafate-4-unid-330-cc-c-u/p
Pack 6 un. Cerveza Cristal Lager Sin alcohol 350 cc,$2.990,https://www.santaisabel.cl/pack-cerveza-cristal-cero-sin-alcohol-6-unid-350-cc-c-u/p
Pack 12 un. Cerveza Miller Lager 4.7° 330 cc,$12.950,https://www.santaisabel.cl/pack-cerveza-miller-12-lata-330cc-4-7-1943051/p
Pack 6 un. Cerveza Sol Lager 4.5° 330 cc,$7.090,https://www.santaisabel.cl/pack-cerveza-sol-6-unid-330-cc-c-u/p
Pack 6 un. Cerveza Royal Guard Premium Lager Sin alcohol 350 cc,$6.390,https://www.santaisabel.cl/cerv-r-guard-lager-cero-lata-350cc-0-g-1932578-pak/p
Pack 4 un. Cerveza Dolbek Maqui Pale Ale 4.8° 330 cc,$5.790,https://www.santaisabel.cl/cerv-dolbek-maqui-4-8-bot-330cc-1662775-pak/p
Pack 4 un. Cerveza Kunstmann Miel 4.8° 330 cc,$5.790,https://www.santaisabel.cl/pack-cerveza-kunstmann-miel-4-unid-330-cc-c-u/p
Pack 6 un. Cerveza Budweiser Lager 5.0° 354 cc,$3.980,https://www.santaisabel.cl/pack-cerveza-budweiser-lata-6-unid-355-cc-c-u/p
Pack 6 un. Cerveza Cristal Lager 4.6° 470 cc,$3.990,https://www.santaisabel.cl/pack-6-un-cerveza-470-cc-c-u-506554-pak/p
Pack 6 un. Cerveza Cristal Lager 4.6° 350 cc,$2.990,https://www.santaisabel.cl/pack-cerveza-cristal-lata-6-unid-350-cc-c-u/p
Pack 6 un. Cerveza Stones Sensation Fruit Beer 6.0° 269 cc,$5.990,https://www.santaisabel.cl/pack-6-un-cerveza-sensation-lata-269-cc-1926627-pak/p
Pack 6 un. Cerveza Becker B-Mix Lager 4.2° 354 cc,$5.590,https://www.santaisabel.cl/cerv-becker-b-mix-lata-354cc-4-2-gx6-1967692-pak/p
Pack 6 un. Cerveza Patagonia Hoppy Lager 4.8° 330 cc,$5.290,https://www.santaisabel.cl/cer-patagonia-hoppy-bot-330cc-4-8-x6-1992164-pak/p
Pack 6 un. Cerveza Stones Tropical Fruit Beer 6.0° 269 cc,$5.990,https://www.santaisabel.cl/pack-6-un-cerveza-tropical-lata-269-cc-1926628-pak/p
Pack 6 un. Cerveza Patagonia Red Lager 5.0° 330 cc,$5.290,https://www.santaisabel.cl/cer-patagonia-red-bot-330cc-hoppy-5-x6-1992165-pak/p
Pack 6 un. Cerveza Corona Lager Sin alcohol 330 cc,$5.480,https://www.santaisabel.cl/pack-6-un-cerveza-corona-330-cc-1961619-pak/p
Pack 6 un. Cerveza Kunstmann Torobayo Pale Ale 5.2° 330 cc,$5.990,https://www.santaisabel.cl/cer-kunstman-vald-pale-al-bot-330cc-5-2-1924619-pak/p
Pack 4 un. Cerveza Kross Golden Ale 5.3° 330 cc,$7.190,https://www.santaisabel.cl/pack-cerveza-kross-golden-ale-4-unid-330-cc-c-u/p
Pack 4 un. Cerveza Kunstmann Torobayo Pale Ale 5.0° 330 cc,$5.790,https://www.santaisabel.cl/pack-cerveza-kunstmann-torobayo-4-unid-330-cc-c-u/p
Pack 4 un. Cerveza Austral Lager 4.6° 330 cc,$5.790,https://www.santaisabel.cl/pack-cerveza-austral-lager-4-unid-330-cc-c-u/p
Pack 6 un. Cerveza Báltica Dry Lager 5.8° 473 cc,$3.400,https://www.santaisabel.cl/cerv-baltica-5-8g-lata-473-cc-2/p
Pack 6 un. Cerveza Kunstmann Torobayo Pale Ale 5.0° 330 cc,$9.890,https://www.santaisabel.cl/pack-cerveza-kunstmann-torobayo-6-unid-330-cc-c-u/p
Pack 6 un. Cerveza Budweiser Lager 5.0° 330 cc,$4.790,https://www.santaisabel.cl/pack-6-un-cerveza-budweiser-5-0-botellin-330-cc/p
Pack 4 un. Cerveza Kunstmann Sin Filtrar Lager 5.0° 330 cc,$5.790,https://www.santaisabel.cl/cerv-kunstmann-s-fil-5-0g-bot-330cc/p
Pack 6 un. Cerveza Royal Guard Golden Lager 4.5° 355 cc,$6.890,https://www.santaisabel.cl/cerveza-royal-golden-bot-355cc-4-5-g-x6-1966563-pak/p
Pack 4 un. Cerveza Kunstmann Arandano Ale 4.8° 330 cc,$5.790,https://www.santaisabel.cl/pack-4-un-cerveza-arandano-botella-330-cc-c-u-1260878-pak/p
Pack 6 un. Cerveza Royal Guard Premium Lager 5.0° 355 cc,$6.890,https://www.santaisabel.cl/pack-cerveza-royal-guard-6-unid-355-cc-c-u/p
Pack 6 un. Cerveza Miller Lager 4.7° 355 cc,$7.190,https://www.santaisabel.cl/pack-cerveza-miller-6-unid-355-cc-c-u/p
Cerveza Corona Lager 4.5° 710 cc,$2.050,https://www.santaisabel.cl/cerveza-corona-botella-710-cc/p
Pack 4 un. Cerveza Austral Torres del Paine Lager 6.1° 330 cc,$5.790,https://www.santaisabel.cl/cer-austral-torres-d-paine-bot-355cc/p
Pack 4 un. Cerveza Kunstmann Ipa 5.0° 330 cc,$5.790,https://www.santaisabel.cl/pack-4-un-cerveza-ipa-botella-330-cc/p
Pack 6 un. Cerveza Kross Golden Ale 5.3° 330 cc,$9.690,https://www.santaisabel.cl/pack-cerv-kross-golden-6-bot-330-5-3-1943050/p
Pack 6 un. Cerveza Stella Artois Lager 4.8° 354 cc,$5.600,https://www.santaisabel.cl/pack-cerveza-stella-artois-6-unid-354-cc-c-u/p
Pack 6 un. Cerveza Royal Guard Amber Ale 6.3° 355 cc,$7.790,https://www.santaisabel.cl/pack-6-un-cerveza-amber-ale-botella-355-cc-1852555-pak/p
Pack 6 un. Cerveza Cusqueña Golden Lager 5.0° 330 cc,$5.650,https://www.santaisabel.cl/pack-6-un-cerveza-botella-330-cc-c-u-263541-pak/p
Pack 4 un. Cerveza Kross Stout 5.2° 330 cc,$7.690,https://www.santaisabel.cl/pack-cerveza-kross-stout-negra-4-unid-330-cc-c-u/p
Pack 6 un. Cerveza Imperial Lager 4.6° 330 cc,$6.490,https://www.santaisabel.cl/pack-6-un-cerveza-lager-4-6-botella-330-cc-1862120-pak/p
Pack 4 un. Cerveza Austral Yagan Dark Ale 5.0° 330 cc,$5.790,https://www.santaisabel.cl/pack-cerveza-austral-yagan-dark-ale-4-unid-330-cc-c-u/p
Pack 6 un. Cerveza Estrella Damm Lager 4.3° 330 cc,$7.190,https://www.santaisabel.cl/pack-6-un-cerveza-importada-estrella-330-cc-c-u/p
Pack 6 un. Cerveza Stella Artois Lager 5.4° 330 cc,$4.890,https://www.santaisabel.cl/pack-cerveza-stella-artois-6-unid-330-cc-c-u/p
Pack 24 un. Cerveza Quilmes Lager 4.9° 300 cc,$12.290,https://www.santaisabel.cl/pack-24-un-cerveza-botella-4-9-300-cc/p
Pack 6 un. Cerveza Pilsen del Sur Lager 4.4° 473 cc,$5.390,https://www.santaisabel.cl/pack-6-un-cerveza-lata-4-4-473-cc/p
Pack 6 un. Cerveza Heineken Cero Lager Sin alcohol 470 cc,$7.790,https://www.santaisabel.cl/cerveza-heineken-cero-lata-470cc-0-g-1954155-pak/p
Pack 4 un. Cerveza Dolbek Pampa Ale 5.5° 330 cc,$5.790,https://www.santaisabel.cl/cerv-dolbek-lager-ale-5-5-bot-330cc-1662776-pak/p
Pack 18 un. Cerveza Cusqueña Golden Lager 4.8° 354 cc,$9.990,https://www.santaisabel.cl/caja-c-cusquena-gold-lata-18x354cc-4-8-g-1976140-pak/p
Pack 4 un. Cerveza Austral Patagona Pale Ale 5.0° 330 cc,$5.790,https://www.santaisabel.cl/pack-cerveza-austral-pale-ale-4-unid-330-cc-c-u/p
Pack 6 un. Cerveza Escudo Lager 5.5° 350 cc,$4.950,https://www.santaisabel.cl/pack-cerveza-escudo-6-unid-350-cc-c-u/p
Cerveza Corona Lager Sin alcohol 330 cc,$1.350,https://www.santaisabel.cl/cerveza-corona-cero-botella-330-cc-1961619/p
Pack 10 un. Cerveza Royal Dutch Premium Lager 5.0° 250 cc,$8.290,https://www.santaisabel.cl/cerv-royal-dutch-lager-bot-250cc-2/p
Pack 4 un. Cerveza Kross Out 4.2° 330 cc,$7.190,https://www.santaisabel.cl/pack-4-un-cerveza-out-4-2-botella-330-cc-1836668-pak/p
Pack 6 un. Cerveza Royal Guard Ipa 6.3° 355 cc,$6.890,https://www.santaisabel.cl/pack-cerveza-royal-guard-ipa-6-unid-355-cc-c-u/p
Pack 4 un. Cerveza Volcanes del Sur Bock Chocolate 6.7° 350 cc,$3.980,https://www.santaisabel.cl/pack-cervezas-chocolate-6-7-4-un-350-cc-c-u-1259967-pak/p
Pack 4 un. Cerveza Kross Maibock 6.5° 330 cc,$7.950,https://www.santaisabel.cl/pack-cerveza-kross-maibock-4-uid-330-cc-c-u/p
Pack 4 un. Cerveza Kunstmann Rubia Lager 4.3° 330 cc,$5.790,https://www.santaisabel.cl/pack-cerveza-kunstmann-rubia-4-unid-330-cc-c-u/p
Pack 6 un. Cerveza Cusqueña Golden Lager 4.8° 355 cc,$4.850,https://www.santaisabel.cl/pack-cerveza-cusquena-golden-6-unid-355-cc-c-u/p
Pack 4 un. Cerveza Kross 5 Aniversario Amber Ale 7.2° 330 cc,$9.650,https://www.santaisabel.cl/pack-4-un-cerveza-5to-aniversario-330-cc-1226452-pak/p
Pack 6 un. Cerveza Becker Golden Premium Lager 5.0° 473 cc,$5.350,https://www.santaisabel.cl/pack-cerv-becker-golden-lata-473cc-5-1937584-pak/p
Pack 4 un. Cerveza Kross Pils 5.1° 330 cc,$7.690,https://www.santaisabel.cl/pack-cerveza-kross-lager-4-unid-330-cc-c-u/p
Pack 6 un. Cerveza Heineken Lager 5.0° 330 cc,$6.990,https://www.santaisabel.cl/pack-cerveza-heineken-extra-long-neck-6-unid-330-cc-c-u/p
Pack 4 un. Cerveza Kunstmann Bock 5.3° 330 cc,$7.590,https://www.santaisabel.cl/pack-cerveza-kunstmann-negra-4-unid-330-cc-c-u/p
Pack 4 un. Cerveza Guayacán Golden Ale 4.5° 330 cc,$5.790,https://www.santaisabel.cl/pack-4-un-cerveza-golden-ale-330-cc-1540606-pak/p
Pack 10 un. Cerveza Royal Dutch Premium Strong 8.5° 250 cc,$8.290,https://www.santaisabel.cl/pack-10-un-cerveza-dutch-lager-8-5-botella-250-cc-1835848-pak/p
Pack 6 un. Cerveza Heineken Lager 5.0° 350 cc,$7.090,https://www.santaisabel.cl/pack-cerveza-heineken-6-unid-350-cc-c-u/p
Cerveza Corona Lager 4.5° 330 cc,$1.240,https://www.santaisabel.cl/cerveza-corona-4-6-330cc-1850069/p
Pack 4 un. Cerveza Austral Hoppy Lager lata 470 cc,$5.690,https://www.santaisabel.cl/pack-4-un-cerveza-hoppy-lager-lata-470-cc-1858522-pak/p
Pack 12 un. Cerveza Budweiser lata 355 cc,$6.590,https://www.santaisabel.cl/cerveza-budweiser-pack-de-12-unid-355-ml-c-u/p
Pack 6 un. Cerveza Royal Guard Premium Lager Sin alcohol 355 cc,$1.490,https://www.santaisabel.cl/pack-6-un-cerveza-royal-guard-lager-cero-alcohol-355-cc/p
Cerveza Royal Guard Premium Lager Sin alcohol 355 cc,$8.490,https://www.santaisabel.cl/cerveza-royal-guard-premium-lager-sin-alcohol-355-cc-1932579/p
Cerveza Royal Dutch Lager 8.5° lata 500 cc,$2.950,https://www.santaisabel.cl/cerv-royal-dutch-lager-8-5-lata-500cc-1979083/p
Viñamar Zero Desalcoholizado Rosé 0.4° 750 cc,$7.290,https://www.santaisabel.cl/espumante-zero-rose-botella-750-cc-1855464/p
"Sidra espumosa Mayador 750 ml, sin alcohol",$8.490,https://www.santaisabel.cl/sidra-espumosa-mayador-750-ml-sin-alcohol-1331539/p
Espumante Sin Alcohol botella 750 cc,$7.990,https://www.santaisabel.cl/espumante-libre-de-alcohol-botella-750-cc-1858259/p
Viñamar Zero Desalcoholizado 0.4° 750 cc,$1.000,https://www.santaisabel.cl/espumante-zero-0-botella-750-cc-1837237/p
Espumante Festillant sparkling sin alcohol 750 cc,$1.430,https://www.santaisabel.cl/espumante-festillant-sparkling-sin-alcohol-750-cc-1127030/p
Cerveza Budweiser Lager 5.0° 710 cc,$1.430,https://www.santaisabel.cl/cerv-buw-5-710/p
Cerveza Patagonia Red Lager 5.0° 470 cc,$1.930,https://www.santaisabel.cl/cerveza-red-lager-lata-470-cc-1858523/p
Cerveza Patagonia Hoppy Lager 4.8° 470 cc,$1.430,https://www.santaisabel.cl/cerveza-hoppy-lager-lata-470-cc-1858522/p
Cerveza Kunstmann Torobayo Pale Ale 5.0° 470 cc,$1.000,https://www.santaisabel.cl/cerveza-kunstmann-torobayo-470-cc/p
Cerveza Patagonia Black Lager 5.3° 470 cc,$980,https://www.santaisabel.cl/cerveza-patagonia-black-lager-470-cc-1927436/p
Cerveza Quilmes Lager 5.0° 710 cc,$3.250,https://www.santaisabel.cl/cerveza-quilmes-lata-710cc-5-g-1990508/p
Cerveza Konigsbacher Pils 4.6° 500 cc,$1.580,https://www.santaisabel.cl/cerveza-pils-lata-500-cc-1128026/p
Cerveza Kunstmann Gran Torobayo Pale Ale 7.5° 500 cc,$1.430,https://www.santaisabel.cl/cerveza-kunstmann-botella-480-cc-gran-torobayo-nacional/p
Cerveza Odissea Hoppy Ale 5.1° 470 cc,$880,https://www.santaisabel.cl/cerv-odiseea-hoppy-ale-lata-5-1-470cc-1975532/p
Cerveza Patagonia Blond Lager 4.5° 470 cc,$880,https://www.santaisabel.cl/cerveza-patagonia-blond-lager-lata-470-cc/p
Cerveza Royal Dutch Premium Strong 8.5° 250 cc,$2.050,https://www.santaisabel.cl/cerveza-royal-dutch-lager-8-5-250-cc/p
Cerveza Royal Dutch Premium Lager 5.0° 250 cc,$1.280,https://www.santaisabel.cl/cerveza-dutch-lager-250-cc-1750905/p
Cerveza Corona Lager 4.5° 710 cc,$1.780,https://www.santaisabel.cl/cerveza-corona-botella-710-cc/p
Cerveza Viiking Strong 12° 500 cc,$980,https://www.santaisabel.cl/cerveza-viiking-12-lata-500cc-1857527/p
Cerveza Trooper Amber Ale 4.7° 500 cc,$1.050,https://www.santaisabel.cl/cerveza-trooper-abv-lat-500cc-4-7/p
Cerveza Oettinger Weissbier 4.9° 500 cc,$725,https://www.santaisabel.cl/cerveza-weiss-4-9-lata-500-cc-1904089/p
Cerveza Stones Maracuya Fuit Beer 2.5° 350 cc,$1.950,https://www.santaisabel.cl/cerveza-maracuya-350-cc-1649567/p
Cerveza Singha Lager 5° lata 490 cc,$550,https://www.santaisabel.cl/cerv-singha-lager-5-0-lata-490cc-1964060/p
Cerveza Kunstmann Valdivia Pale Lager 5.2° 500 cc,$2.180,https://www.santaisabel.cl/cerv-kunstmann-valdivia-p-ale-bot-500cc-1856657/p
Cerveza Báltica Dry Lager 5.8° 473 cc,$1.350,https://www.santaisabel.cl/cerveza-5-8-lata-473-cc-1750318/p
Cerveza Kross Golden Ale 5.3° 470 cc,$1.320,https://www.santaisabel.cl/cerveza-kross-golden-ale-lata-470-cc-1956804/p
Cerveza Corona Lager Sin alcohol 330 cc,$2.050,https://www.santaisabel.cl/cerveza-corona-cero-botella-330-cc-1961619/p
Cerveza Heineken Cero Lager Sin alcohol 470 cc,$2.150,https://www.santaisabel.cl/cerveza-heineken-cero-lata-470cc-0-g-1954155/p
Cerveza Kunstmann Torobayo Pale Ale 5.0° 330 cc,$2.350,https://www.santaisabel.cl/cerveza-torobayo-botella-330-cc-263611/p
Cerveza Kunstmann Miel 4.8° 330 cc,$1.120,https://www.santaisabel.cl/cerveza-ale-miel-botella-330-cc-480655/p
Cerveza Guayacán Hazy Apa 4.9° 470 cc,$1.100,https://www.santaisabel.cl/cerv-guayacan-hazy-apa-lata-470cc-4-9-1933417/p
Cerveza Cristal Radler Sin alcohol 350 cc,$1.140,https://www.santaisabel.cl/cerveza-sin-alcohol-cristal-cero-raddler-0-lata-355-cc/p
Cerveza Stella Artois Lager 4.8° 473 cc,$780,https://www.santaisabel.cl/cerveza-4-8-lata-473-cc-1730209/p
Cerveza Budweiser Lager 5.0° 473 cc,$5.890,https://www.santaisabel.cl/cerveza-5-0-lata-473-cc-1730208/p
Cerveza Kross 5 Aniversario Amber Ale 7.2° 750 cc,$5.890,https://www.santaisabel.cl/cerveza-5-aniversario-750-cc-1003539/p
Cerveza Viiking Strong Lager 8.5° 500 cc,$1.280,https://www.santaisabel.cl/cerveza-viiking-8-5-lata-500cc-1857525/p
Cerveza Escudo Silver Lager 5.0° 470 cc,$1.050,https://www.santaisabel.cl/cerv-escudo-silver-lata-470cc-1844440/p
Cerveza Guayacán Hazy Lager 4.9° 470 cc,$2.350,https://www.santaisabel.cl/cerv-guayacan-hazy-lag-lata-470cc-4-9-1933418/p
Cerveza Cusqueña Golden Lager 4.8° 473 cc,$1.050,https://www.santaisabel.cl/cerveza-lager-4-8-473-cc-1767156/p
Cerveza Royal Guard Premium Lager Sin alcohol 350 cc,$1.320,https://www.santaisabel.cl/cerv-r-guard-lager-cero-lata-350cc-0-g-1932578/p
Cerveza Kunstmann Bock 5.3° 330 cc,$2.050,https://www.santaisabel.cl/cerveza-negra-botella-330-cc-263608/p
Cerveza Cristal Lager 4.6° 470 cc,$1.050,https://www.santaisabel.cl/cerveza-lager-lata-470-cc-506554/p
Cerveza Austral Calafate Ale 5.0° 330 cc,$2.150,https://www.santaisabel.cl/cerveza-calafate-botella-330-cc-669052/p
Cerveza Stella Artois Lager 5.4° 330 cc,$1.180,https://www.santaisabel.cl/cerveza-botella-330-cc-1123745/p
Cerveza Kunstmann Arandano Ale 4.8° 330 cc,$2.150,https://www.santaisabel.cl/cerveza-kunstmann-botella-330-cc-sabor-arandano/p
Cerveza Singha Lager 5° botella 330 cc,$625,https://www.santaisabel.cl/cerv-singha-lager-5-0-bot-330cc-1964062/p
Cerveza Paulaner Lemon Radler 2.5° 500 cc,$1.950,https://www.santaisabel.cl/cerveza-lemon-radler-lata-2-5-500-ml-1842891/p
Cerveza Cristal Lager Sin alcohol 350 cc,$1.090,https://www.santaisabel.cl/cerveza-cristal-lata-350-cc-cero-nacional-sin-alcohol/p
Cerveza Dolbek Ale 5.5° 330 cc,$2.150,https://www.santaisabel.cl/cerveza-artesanal-dolbek-330-ml-lager-ale/p
Cerveza Pilsen del Sur Lager 5.0° 473 cc,$1.100,https://www.santaisabel.cl/cerveza-lata-4-4-473-cc/p
Cerveza Dolbek Pale Ale Maqui 4.8° 330 cc,$2.090,https://www.santaisabel.cl/cerveza-maqui-botella-330-cc-1662775/p
Cerveza AC/DC Lager 5.0° 568 cc,$1.780,https://www.santaisabel.cl/cerveza-ac-dc-lata-568-cc/p
Cerveza Kross Stout 5.4° 330 cc,$1.950,https://www.santaisabel.cl/cerveza-kross-botella-330-cc-stout-negra-nacional/p
Cerveza Budweiser Lager 5.0° 354 cc,$1.050,https://www.santaisabel.cl/cerveza-lata-355-cc-263521/p
Cerveza Austral Lager 4.6° 330 cc,$2.150,https://www.santaisabel.cl/cerveza-lager-botella-330-cc-263486/p
Cerveza Kross Golden Ale 5.3° 330 cc,$1.950,https://www.santaisabel.cl/cerveza-golden-ale-330-cc-765125/p
Cerveza Cusqueña Golden Lager 4.8° 355 cc,$850,https://www.santaisabel.cl/cerveza-lager-rubia-4-8-355-cc-1552711/p
Cerveza Becker Golden Premium Lager 5.0° 473 cc,$1.080,https://www.santaisabel.cl/cerv-becker-golden-lata-473cc-5-1937584/p
Cerveza Cusqueña Golden Lager 4.8° 330 cc,$1.100,https://www.santaisabel.cl/cerveza-cusquena-botella-355-cc-importada/p
Cerveza Kunstmann Pale Ale 5.2° 330 cc,$1.650,https://www.santaisabel.cl/cerveza-kunstmann-pale-ale-5-2-botella-330-cc-1924619/p
Cerveza Guayacán Golden Ale 4.5° 330 cc,$2.050,https://www.santaisabel.cl/cerveza-golden-ale-botella-330-cc-1540606/p
Cerveza Becker B-Mix Lager 4.2° 354 cc,$950,https://www.santaisabel.cl/cerv-becker-b-mix-lata-354cc-4-2-g-1967692/p
Cerveza Kunstmann Lager Sin filtrar 5.0° 330 cc,$2.150,https://www.santaisabel.cl/cerveza-sin-filtrar-5-0-botella-330-cc-946607/p
Cerveza Dolbek Lager 4.5° 330 cc,$2.090,https://www.santaisabel.cl/cerveza-dolbek-belga-330-cc/p
Cerveza Kross Maibock 6.5° 330 cc,$1.950,https://www.santaisabel.cl/cerveza-maibock-botella-330-cc-1056411/p
Cerveza Kunstmann Rubia Lager 8.0° 330 cc,$1.950,https://www.santaisabel.cl/cerveza-rubia-botella-330-cc-263609/p
Cerveza Austral Torres del Paine Lager 6.1° 330 cc,$2.150,https://www.santaisabel.cl/cerveza-torres-del-paine-355-ml/p
Cerveza Kross Pils 5.1° 330 cc,$1.950,https://www.santaisabel.cl/cerveza-lager-botella-330-cc-912256/p
Cerveza Royal Guard Golden Lager 4.5° 355 cc,$1.250,https://www.santaisabel.cl/cerveza-royal-golden-bot-355cc-4-5-g-1966563/p
Cerveza Estrella Damm Lager 5.4° 330 cc,$1.190,https://www.santaisabel.cl/cerveza-estela-damm-lata-330-ml/p
Cerveza Kunstmann Torobayo Pale Ale 5.0° 330 cc,$2.050,https://www.santaisabel.cl/cerveza-torobayo-botella-330-cc-1504127/p
Cerveza Kross Krossout Ale 4.2° 330 cc,$1.850,https://www.santaisabel.cl/cerveza-krossout-4-2-botella-330-cc-1836668/p
Cerveza Royal Guard Premium Lager 5.0° 355 cc,$1.250,https://www.santaisabel.cl/cerveza-premium-lager-botella-355-cc-263658/p
Cerveza Stones Sensation Fruit Beer 6.0° 269 cc,$1.110,https://www.santaisabel.cl/cerveza-sensation-lata-269-cc-1926627/p
Cerveza Sol Lager 4.5° 330 cc,$1.250,https://www.santaisabel.cl/cerveza-original-botella-330-cc-263665/p
Cerveza Cristal Lager 4.6° 350 cc,$1.040,https://www.santaisabel.cl/cerveza-lager-lata-350-cc-263535/p
Cerveza Royal Guard Premium Lager 5.0° 350 cc,$1.220,https://www.santaisabel.cl/cerveza-lager-lata-350-cc-263660/p
Cerveza Royal Dutch Lager 5.0° 500 cc,$1.290,https://www.santaisabel.cl/cerv-royal-dutch-lager-5-lata-500cc-1979084/p
Cerveza Austral Patagona Pale Ale 5.0° 330 cc,$2.150,https://www.santaisabel.cl/cerveza-patagonia-pale-ale-botella-330-cc-632926/p
Cerveza Imperial Lager 4.6° 330 cc,$1.240,https://www.santaisabel.cl/cerveza-4-6-botella-330-cc-1862120/p
Cerveza Kross 5 Amber Ale 7.2° 330 cc,$2.450,https://www.santaisabel.cl/cerveza-kross-5-aniversario-330-cc-1226452/p
Cerveza Royal Guard Amber Ale 6.3° 355 cc,$1.420,https://www.santaisabel.cl/cerveza-amber-ale-botella-355-cc-1852555/p
Cerveza Patagonia Hoppy Lager 4.8° 330 cc,$1.590,https://www.santaisabel.cl/cer-patagonia-hoppy-bot-330cc-4-8-1992164/p
Cerveza Austral Yagan Dark Ale 6.0° 330 cc,$2.150,https://www.santaisabel.cl/cerveza-yagan-dark-ale-botella-330-cc-712099/p
Cerveza Patagonia Red Lager 5.0° 330 cc,$1.590,https://www.santaisabel.cl/cer-patagonia-red-bot-330cc-hoppy-5-1992165/p
Cerveza Kunstmann Ipa 5.0° 330 cc,$2.250,https://www.santaisabel.cl/cerveza-ipa-botella-330-cc/p
Cerveza Quilmes Lager 4.9° 300 cc,$850,https://www.santaisabel.cl/cerveza-quilmes-botella-4-9-300-cc/p
Cerveza Volcanes del Sur Bock Chocolate 5.0° 350 cc,$1.550,https://www.santaisabel.cl/cerveza-bock-volcanes-botella-350-cc-sabor-chocolate/p
Cerveza Cusqueña Golden Lager botella 620 cc,$1.000,https://www.santaisabel.cl/cerveza-golden-lager-botella-620-cc-1562637/p
